ticker,event,sector,action,direction,alpha,beta_mkt,beta_smb,beta_hml,r_squared,n_obs
JPM,2022-03-17,Banks,+25 bp,hike,-0.001091961371628695,1.0481336829563226,-0.04605628786029213,0.7752680682721549,0.6348564615014984,220
JPM,2022-06-16,Banks,+75 bp,hike,-0.0013596235366290883,1.1648563026604752,-0.015390104569407079,0.70762214082297,0.5981179739469955,220
JPM,2022-09-22,Banks,+75 bp,hike,-0.0014692150117603224,1.082633595308841,-0.0696065007439495,0.6234532003988809,0.583261889735615,220
JPM,2023-03-23,Banks,+25 bp,hike,0.00046932452517220425,1.042639151811119,-0.08009240872058512,0.6124944960189884,0.6455611197926057,220
JPM,2024-09-19,Banks,-50 bp,cut,0.0005954134605902894,0.8298267729192355,-0.30428373623067295,0.9891266976561022,0.4478338873303992,220
JPM,2024-12-19,Banks,-25 bp,cut,0.0006679630081980216,1.0342115254417164,-0.29674150423453893,1.1364313770704477,0.46800775955624563,220
JPM,2025-09-18,Banks,-25 bp,cut,0.0010829531816132349,1.2437916837809526,-0.036732318892340465,0.9920669998915239,0.7280718805824666,220
JPM,2025-10-30,Banks,-25 bp,cut,0.0007229998084600803,1.250867884288649,-0.19024359748561886,0.9410119231399647,0.721948009697591,220
JPM,2025-12-11,Banks,-25 bp,cut,0.0002747143049575311,1.1523381220710898,-0.31654072817430357,0.5526170351173952,0.7038438381013287,220
BAC,2022-03-17,Banks,+25 bp,hike,-0.0001308985523416503,1.1004357356559973,0.11061043606705849,0.9674352931073138,0.7053027360696528,220
BAC,2022-06-16,Banks,+75 bp,hike,-0.0009128984533342565,1.3463535571852803,0.009411918006724806,0.8837378678893255,0.643618779976763,220
BAC,2022-09-22,Banks,+75 bp,hike,-0.0009952612549527168,1.245400267675904,-0.14607848352850383,0.7512525113682414,0.6335729835793286,220
BAC,2023-03-23,Banks,+25 bp,hike,-0.00042393859860144836,1.154830920429629,0.013307140607941498,0.7030981576201507,0.6627726065597911,220
BAC,2024-09-19,Banks,-50 bp,cut,0.00019685884685458977,1.117112059979928,-0.09024559712091447,1.5833988143980062,0.7020447504951897,220
BAC,2024-12-19,Banks,-25 bp,cut,0.0004956199929064926,1.1362465573560625,-0.12260050693547662,1.4174860312640627,0.6380413800661555,220
BAC,2025-09-18,Banks,-25 bp,cut,0.00026495343674494003,1.258556771038513,0.07067647908091303,1.1324665170859078,0.7433446629650662,220
BAC,2025-10-30,Banks,-25 bp,cut,0.00012170994364145302,1.2586504492235562,-0.03888180596770075,1.0928852269221727,0.7367217243565916,220
BAC,2025-12-11,Banks,-25 bp,cut,-2.7797179680388168e-05,1.2335502933347158,-0.03465163626139299,1.0410147583096223,0.6889745353546489,220
WFC,2022-03-17,Banks,+25 bp,hike,0.0002157988678771535,1.3449969821550938,-0.014342854649818444,1.1256616646941373,0.5803535279332175,220
WFC,2022-06-16,Banks,+75 bp,hike,-0.0006213073075927809,1.5250501082800931,-0.1003548580070561,1.0233848917602855,0.5712176476609105,220
WFC,2022-09-22,Banks,+75 bp,hike,-0.0004106411205013996,1.3972738789164691,-0.1365886573186374,0.8116328272632103,0.5928492816744068,220
WFC,2023-03-23,Banks,+25 bp,hike,5.8859903666494146e-05,1.1276726629022265,0.01584990333368208,0.6831463460009091,0.6113761546301275,220
WFC,2024-09-19,Banks,-50 bp,cut,4.173232577619489e-05,0.9512005348378066,-0.16523666357651529,1.5351971474403192,0.5518589771031064,220
WFC,2024-12-19,Banks,-25 bp,cut,0.0006772894801386111,1.117199836649944,-0.14828101251524511,1.5267116300274006,0.47563594685605315,220
WFC,2025-09-18,Banks,-25 bp,cut,0.001396928930909136,1.3367079873924164,0.3736382673890496,1.3427812772974859,0.7163318132099357,220
WFC,2025-10-30,Banks,-25 bp,cut,0.00032972756574436215,1.3469052852975045,0.12228340935975057,1.31679323356344,0.706871805431561,220
WFC,2025-12-11,Banks,-25 bp,cut,0.0002369337146324661,1.2641183507764948,0.11762205729634972,1.0648999055451185,0.6370411161199053,220
C,2022-03-17,Banks,+25 bp,hike,-0.0011348025541685824,0.9283820131669704,0.22091520742137932,0.820961124853896,0.6236389292121983,220
C,2022-06-16,Banks,+75 bp,hike,-0.001803453229202872,1.0149216740238831,0.19824581015487552,0.7672494368373253,0.549401128031326,220
C,2022-09-22,Banks,+75 bp,hike,-0.0013214126825028683,1.1490774564676678,0.045938196610583744,0.7191571303084138,0.513660680288905,220
C,2023-03-23,Banks,+25 bp,hike,-4.361547542870378e-05,1.2230095178048705,0.21507985560102916,0.76337189598652,0.6262245623920359,220
C,2024-09-19,Banks,-50 bp,cut,0.00041730900474743057,1.1792936548606003,-0.16851020346116702,1.3519422952162468,0.58890761116954,220
C,2024-12-19,Banks,-25 bp,cut,0.00032194588190697916,1.4532908163834466,-0.24065537660845684,1.4034990698823866,0.5531161969652854,220
C,2025-09-18,Banks,-25 bp,cut,0.0016238689559708004,1.4685541292125848,0.15720269427399397,0.9427116629501631,0.7093101224393765,220
C,2025-10-30,Banks,-25 bp,cut,0.0013398022906228849,1.4496608174067027,0.05141958311010974,0.8738982296302731,0.7295684475221484,220
C,2025-12-11,Banks,-25 bp,cut,0.0008272089673874246,1.4418096735952517,0.011462524937151025,0.828117145076462,0.6961726454729658,220
GS,2022-03-17,Banks,+25 bp,hike,-0.0006521321430370381,1.2166363937879319,0.08637898358896183,0.7038252738966557,0.5558092896323734,220
GS,2022-06-16,Banks,+75 bp,hike,-0.0008106249691847455,1.2552780329799755,0.11656583648534832,0.6140948298960089,0.6036650779575667,220
GS,2022-09-22,Banks,+75 bp,hike,-0.0004951817722075849,1.1526100305704214,0.029128336548738212,0.4919497446158143,0.605867848026479,220
GS,2023-03-23,Banks,+25 bp,hike,0.0007673983156961437,1.0472930300427852,0.16795611231221388,0.5296409548029738,0.6403568549846517,220
GS,2024-09-19,Banks,-50 bp,cut,0.0006409126457898153,1.1212054609911055,0.020127794118780844,1.0265848232799437,0.5772543229036291,220
GS,2024-12-19,Banks,-25 bp,cut,0.0007816866315781905,1.2211245150371246,-0.003269340332800467,0.9940439390277878,0.5358815256620804,220
GS,2025-09-18,Banks,-25 bp,cut,0.0013618120520475568,1.5693895448163957,0.24989878672341748,0.9334144035759813,0.812765653663436,220
GS,2025-10-30,Banks,-25 bp,cut,0.0010916263228459133,1.582511843431043,0.164056650331523,0.9014131066765916,0.8051601734358289,220
GS,2025-12-11,Banks,-25 bp,cut,0.0006444428071010566,1.4709964018643902,0.02797917673879305,0.522330058189235,0.7768020320538128,220
MS,2022-03-17,Banks,+25 bp,hike,0.00019959315922599716,1.1566607196769403,0.08228326868364652,0.7197125859009583,0.49025645120850403,220
MS,2022-06-16,Banks,+75 bp,hike,-0.00031293187336497866,1.3072177632435702,-0.028067559065317434,0.5767551651695217,0.5211716641842217,220
MS,2022-09-22,Banks,+75 bp,hike,-0.0005353846106940537,1.220030632281126,-0.07285225588369612,0.49227793718245416,0.5843817574095199,220
MS,2023-03-23,Banks,+25 bp,hike,0.0006888688230923742,1.1313104851756828,0.25500396152982663,0.4938163434484185,0.7217259145737963,220
MS,2024-09-19,Banks,-50 bp,cut,-0.0004488283347579084,1.0941404986311485,0.08306954940486357,1.0632805235063643,0.4942178651435155,220
MS,2024-12-19,Banks,-25 bp,cut,0.0005888321893659494,1.1197403669892574,0.041121376046275346,0.898804489360824,0.41778141677084846,220
MS,2025-09-18,Banks,-25 bp,cut,0.0011566514106111766,1.5371746485025015,0.14737997136546152,0.905698302240227,0.756586556393806,220
MS,2025-10-30,Banks,-25 bp,cut,0.0004820994983911107,1.5510976188861023,0.02439986354235756,0.8729416853139769,0.7808258337466821,220
MS,2025-12-11,Banks,-25 bp,cut,0.0004802223574185008,1.4656912332317231,-0.021585213669810407,0.5347560333014086,0.7597991456657803,220
O,2022-03-17,REITs,+25 bp,hike,0.00033139784078524865,0.6670188518681656,-0.1887786370338534,0.05540102429700313,0.228764841275774,220
O,2022-06-16,REITs,+75 bp,hike,0.0002088437770805298,0.6265273777250214,-0.08246809595647397,0.19320340338849346,0.2943717807304468,220
O,2022-09-22,REITs,+75 bp,hike,0.0008186103114150613,0.5666761918020247,0.024545217340841655,0.17382088890213596,0.3023873045668215,220
O,2023-03-23,REITs,+25 bp,hike,0.0003481894313599436,0.5935194706581608,-0.007335181942939278,0.1493743570012322,0.36228248589458134,220
O,2024-09-19,REITs,-50 bp,cut,0.00034753804634824826,0.43046691395627446,0.26438075810761197,0.5903599945010538,0.245084639609094,220
O,2024-12-19,REITs,-25 bp,cut,0.0002645883636584637,0.22680439553350118,0.18278403084170197,0.4973137112732334,0.14712693774114916,220
O,2025-09-18,REITs,-25 bp,cut,-0.00043883895378041726,0.2883471934182142,-0.1457007836324577,0.3754588269548954,0.09495809085547191,220
O,2025-10-30,REITs,-25 bp,cut,-0.00017196679653682745,0.28440811717021336,-0.1427722932486575,0.3294721775025975,0.09131338701974645,220
O,2025-12-11,REITs,-25 bp,cut,6.455311668658809e-05,0.36720644395042124,-0.14920727461986938,0.5741542975278178,0.17779642137807983,220
SPG,2022-03-17,REITs,+25 bp,hike,0.0007681364889256567,1.2414230426988817,0.5202361539891678,0.6099785792895756,0.5199716155985177,220
SPG,2022-06-16,REITs,+75 bp,hike,1.433868034256291e-05,1.247910828386642,0.5831834373870601,0.5859457072428662,0.5078938749701323,220
SPG,2022-09-22,REITs,+75 bp,hike,-0.0005551100844808257,1.1019742939796286,0.5461607593955005,0.4554060858527767,0.5311409314529146,220
SPG,2023-03-23,REITs,+25 bp,hike,0.0001576426970402765,1.066161421466723,0.843561869286368,0.5240634757856866,0.6480354321871641,220
SPG,2024-09-19,REITs,-50 bp,cut,0.0009019273025540031,0.9203308467890565,0.3266868393209237,0.5992906583378664,0.42962228905576205,220
SPG,2024-12-19,REITs,-25 bp,cut,0.0005247517227748716,0.7542995210490309,0.34924648927918134,0.3540249538455271,0.31237391164839956,220
SPG,2025-09-18,REITs,-25 bp,cut,-0.00010555811989336136,0.9676622290164688,0.1687628270023564,0.37512755300288836,0.5129623469048747,220
SPG,2025-10-30,REITs,-25 bp,cut,-0.00010039867723396424,0.9596561759314675,0.2272423749318052,0.38263702387885273,0.5191971726109199,220
SPG,2025-12-11,REITs,-25 bp,cut,-0.0004139749117954498,1.0211847599314345,0.25205854077875334,0.618516240864194,0.5586096958437601,220
PLD,2022-03-17,REITs,+25 bp,hike,0.0015614088303694453,0.6459635354779136,-0.3320450731438155,-0.1710467049627743,0.24450091348875225,220
PLD,2022-06-16,REITs,+75 bp,hike,0.0011510926855107738,0.70925191596184,-0.4383889159649855,-0.08345627753337925,0.29657925794532436,220
PLD,2022-09-22,REITs,+75 bp,hike,0.0006944270568586223,0.8988462655302677,-0.33314090972865,-0.03895707169345382,0.42966260697993275,220
PLD,2023-03-23,REITs,+25 bp,hike,-0.0003131138809710322,1.0342870619685336,-0.07285217550157647,-0.05646649704788415,0.5311580857464434,220
PLD,2024-09-19,REITs,-50 bp,cut,-0.0005989186683162344,1.055219008879206,0.49108540365863607,0.5136977599699444,0.43931840659733157,220
PLD,2024-12-19,REITs,-25 bp,cut,-0.0009810541475653025,0.8041507557568848,0.40774177233526,0.444129008265692,0.3014776624040544,220
PLD,2025-09-18,REITs,-25 bp,cut,-0.0009121879202206573,0.886684229332736,0.49874047291198653,0.5373451422848392,0.424075563916938,220
PLD,2025-10-30,REITs,-25 bp,cut,-0.00035053494877802853,0.8823729301913317,0.44086458537098494,0.5204563544505957,0.4144510975983169,220
PLD,2025-12-11,REITs,-25 bp,cut,0.0003133454968192639,0.9827380076164474,0.5811465002837399,0.8325205040109214,0.49765739485401306,220
EQIX,2022-03-17,REITs,+25 bp,hike,0.0004889900904003287,0.4155383960025809,-0.3072079023149539,-0.5283205893128471,0.2280191358933762,220
EQIX,2022-06-16,REITs,+75 bp,hike,2.0273911428127863e-05,0.5271476941119861,-0.41185467555151206,-0.5228954725002282,0.2886741228705326,220
EQIX,2022-09-22,REITs,+75 bp,hike,-9.188051170023838e-05,0.7349749097798649,-0.2501339723470037,-0.31547747471891785,0.368613039173489,220
EQIX,2023-03-23,REITs,+25 bp,hike,0.0005605158241600739,0.9436798122378132,0.14404505142199345,-0.068807892274011,0.47900199878566885,220
EQIX,2024-09-19,REITs,-50 bp,cut,-0.0004663024193528793,0.9706144677266295,0.11902071017614058,0.22975266018759388,0.2419443998207561,220
EQIX,2024-12-19,REITs,-25 bp,cut,1.616238072500217e-05,0.801665642707276,0.044950851184744754,0.1754656299708987,0.16448700128661053,220
EQIX,2025-09-18,REITs,-25 bp,cut,-0.0007643735407863916,0.6706681976062435,0.09520120611977416,-0.19444454561926117,0.29129232806717265,220
EQIX,2025-10-30,REITs,-25 bp,cut,-0.0009755399797880386,0.6915492778376328,0.1133561934988736,-0.1613146197695487,0.29787755755627454,220
EQIX,2025-12-11,REITs,-25 bp,cut,-0.0010176092308976357,0.7338253082345174,0.22067926489927187,0.014261455127398376,0.3227955030914035,220
AMT,2022-03-17,REITs,+25 bp,hike,0.0002748417505600472,0.670209477285167,-0.36950346478935286,-0.3090126938502823,0.27776796967361794,220
AMT,2022-06-16,REITs,+75 bp,hike,-0.000268981823454001,0.5447365200400024,-0.38647625426625065,-0.17635200746222707,0.22987061656125773,220
AMT,2022-09-22,REITs,+75 bp,hike,0.00030639957018449945,0.6342875519030755,-0.34245753281773983,-0.09537093173714065,0.2785219882204113,220
AMT,2023-03-23,REITs,+25 bp,hike,0.0001750102306788653,0.826304753375934,-0.12655386549107564,0.0009648771936578079,0.3912857993465776,220
AMT,2024-09-19,REITs,-50 bp,cut,0.0009261043232971585,0.45967259825386425,0.34594169105067474,0.6406270709548498,0.18891573500890346,220
AMT,2024-12-19,REITs,-25 bp,cut,0.00032080787650686486,0.0382506489430655,0.3422275842139239,0.49145289338888704,0.10269081060840801,220
AMT,2025-09-18,REITs,-25 bp,cut,-0.0006094931178322262,0.0925882275631908,-0.27392745207039204,0.2637210877086654,0.02078697304376753,220
AMT,2025-10-30,REITs,-25 bp,cut,-0.00041327123527497414,0.08592839687439156,-0.22724505004986972,0.2388011171938044,0.01733854760199849,220
AMT,2025-12-11,REITs,-25 bp,cut,-0.0004959293176653961,0.188425767477931,-0.12074762542730262,0.6651768463973147,0.07652561463118657,220
WELL,2022-03-17,REITs,+25 bp,hike,0.000520667992432702,0.7537926675938181,0.08081710266356784,0.25242944957699365,0.19631041786431647,220
WELL,2022-06-16,REITs,+75 bp,hike,0.0006186911834639567,0.6921953974491013,0.22550721043378857,0.38416777846356887,0.23644912023494902,220
WELL,2022-09-22,REITs,+75 bp,hike,-6.982500488418732e-05,0.6320923455064666,0.2904284973039464,0.4300922735875304,0.2637026425003163,220
WELL,2023-03-23,REITs,+25 bp,hike,-0.000652720383232216,0.6913333044511374,-0.009314804341677974,0.16859059521619765,0.30124024270287586,220
WELL,2024-09-19,REITs,-50 bp,cut,0.0008034153291265373,0.7348148560577521,0.021915546701015403,0.3283226422841905,0.2561669271343445,220
WELL,2024-12-19,REITs,-25 bp,cut,0.0016180061703095837,0.4011101161249267,0.08039687396550294,0.16771648457401359,0.08920701334245718,220
WELL,2025-09-18,REITs,-25 bp,cut,0.0008895072216699199,0.4667605628266547,-0.47139994814907105,0.17665229141990946,0.14023555933052456,220
WELL,2025-10-30,REITs,-25 bp,cut,0.0004427162571639134,0.45649014273932964,-0.5223402406064963,0.1463151090772995,0.15720155742586495,220
WELL,2025-12-11,REITs,-25 bp,cut,0.0009661824785227621,0.5017329237655608,-0.45965409726789763,0.3748930641787973,0.17355259053810157,220
NEE,2022-03-17,Utilities,+25 bp,hike,0.00016042325134335184,0.6264960405555668,-0.40136465604389815,-0.3773442733496166,0.25138082499399383,220
NEE,2022-06-16,Utilities,+75 bp,hike,0.00019954446917888038,0.4551599817834837,-0.3514145280976943,-0.29486473093769183,0.1851284756161894,220
NEE,2022-09-22,Utilities,+75 bp,hike,0.0009906711444683295,0.5697183472180471,-0.3577169182249728,-0.21865476303023115,0.2548856192216489,220
NEE,2023-03-23,Utilities,+25 bp,hike,9.285856439178518e-05,0.7623254921108257,-0.41948644610810887,-0.1168872540714786,0.3976635962253111,220
NEE,2024-09-19,Utilities,-50 bp,cut,0.0003369122616046391,0.528398650059049,0.24658486670105328,0.6564644368167252,0.12149304957265727,220
NEE,2024-12-19,Utilities,-25 bp,cut,0.0011807778817356607,0.3341056917279458,0.2092577800371177,0.427023225741031,0.074335548353613,220
NEE,2025-09-18,Utilities,-25 bp,cut,-0.0011187753755265842,0.5040858843263563,-0.5731278445168708,0.4844658431604193,0.11078256281986587,220
NEE,2025-10-30,Utilities,-25 bp,cut,-0.0008795026063649742,0.4697528358285101,-0.5228786352694047,0.4086471050057977,0.09881158945008794,220
NEE,2025-12-11,Utilities,-25 bp,cut,0.00011358846920454129,0.5866145165570957,-0.3668316431599289,0.7309305874724524,0.1512305128592929,220
DUK,2022-03-17,Utilities,+25 bp,hike,3.566181557844257e-05,0.3262527669934609,-0.41385105217691903,0.1379088210192074,0.13973475286175419,220
DUK,2022-06-16,Utilities,+75 bp,hike,0.00010351448898028495,0.28704362016160945,-0.3867993944808034,0.19778885409474728,0.1448380682385405,220
DUK,2022-09-22,Utilities,+75 bp,hike,0.0005171790741667691,0.33528488662328854,-0.444427086637919,0.203239886902243,0.20158761552283033,220
DUK,2023-03-23,Utilities,+25 bp,hike,6.536901605735425e-05,0.5610087580213563,-0.43469724240974406,0.17626171297620036,0.3209092986891019,220
DUK,2024-09-19,Utilities,-50 bp,cut,0.0005011531133790415,0.32550941308242315,-0.07778093646963317,0.60240455681954,0.16495367567415054,220
DUK,2024-12-19,Utilities,-25 bp,cut,0.0008087281424876359,0.13721225542812499,-0.04945682788820648,0.5303748979035691,0.10924061790102602,220
DUK,2025-09-18,Utilities,-25 bp,cut,7.163210730945865e-05,0.17779105365447823,-0.4908516980869291,0.5194099829510549,0.16367118700549055,220
DUK,2025-10-30,Utilities,-25 bp,cut,4.519156159323045e-05,0.16237097930868755,-0.44204849363945287,0.4874043950527518,0.1620417939498331,220
DUK,2025-12-11,Utilities,-25 bp,cut,0.0002505313892721821,0.15950435495411588,-0.4192776224494017,0.5227605019902316,0.15727341894206526,220
SO,2022-03-17,Utilities,+25 bp,hike,0.0001984751558283113,0.36347229679774395,-0.3665989419969932,0.08250307107708568,0.1334119402269357,220
SO,2022-06-16,Utilities,+75 bp,hike,0.0005626836579712631,0.3138535603409419,-0.33492125038732445,0.19711477791524246,0.124503772918093,220
SO,2022-09-22,Utilities,+75 bp,hike,0.001000988602813273,0.38481260124360783,-0.38962782800161794,0.2238738655036862,0.1933967560844212,220
SO,2023-03-23,Utilities,+25 bp,hike,0.00030701379431276776,0.6431779989228548,-0.5087488974342453,0.18536426051095328,0.3654968080807124,220
SO,2024-09-19,Utilities,-50 bp,cut,0.0005694545533321138,0.32482609788755146,-0.0721567157648762,0.5814200147782304,0.13157228361668982,220
SO,2024-12-19,Utilities,-25 bp,cut,0.0011238326274337466,0.10430974357867935,-0.04778765147537875,0.5276954590469494,0.10223806549194947,220
SO,2025-09-18,Utilities,-25 bp,cut,-3.4475784111895596e-06,0.22309813695719471,-0.48261530162806743,0.48988610817618494,0.14955860667042709,220
SO,2025-10-30,Utilities,-25 bp,cut,-0.00015484714412402354,0.20400422714131347,-0.4444639778803472,0.4477768913834747,0.13987467847125568,220
SO,2025-12-11,Utilities,-25 bp,cut,0.0001557475571744216,0.21689018311767067,-0.38168611273392206,0.5727465892781348,0.15584799971888164,220
AEP,2022-03-17,Utilities,+25 bp,hike,-0.0003540349329973577,0.4043806268595416,-0.513108037700662,0.137081323909313,0.20814479620920256,220
AEP,2022-06-16,Utilities,+75 bp,hike,0.0005605005940459886,0.37279897171659665,-0.41289317928694347,0.16664931511544379,0.16134608801430228,220
AEP,2022-09-22,Utilities,+75 bp,hike,0.0010013068233610577,0.42026185619023554,-0.3946367205142711,0.20367355378432797,0.22158187491677672,220
AEP,2023-03-23,Utilities,+25 bp,hike,0.0001987527487213139,0.6922293267828338,-0.4974078617845338,0.18022600017657361,0.3984775206217328,220
AEP,2024-09-19,Utilities,-50 bp,cut,0.0005434659683907328,0.45149373330540876,0.024335487297826565,0.7525888790488852,0.21111813477126573,220
AEP,2024-12-19,Utilities,-25 bp,cut,0.0010762521944643086,0.17180795813677407,0.11671557473762478,0.5961448044680434,0.1414929205725599,220
AEP,2025-09-18,Utilities,-25 bp,cut,0.00011912067073906211,0.1850563338431445,-0.6135551948801954,0.395497190749217,0.134566662103493,220
AEP,2025-10-30,Utilities,-25 bp,cut,0.0002125394347017868,0.18178050434704443,-0.599001558130293,0.36328454481859446,0.1363625638844067,220
AEP,2025-12-11,Utilities,-25 bp,cut,0.00046559959139500255,0.2551274262375083,-0.5309621826483409,0.5683543642514319,0.1778059008277021,220
EXC,2022-03-17,Utilities,+25 bp,hike,0.0009372390316080487,0.5764034910074416,-0.21447189182943777,0.10955981062705239,0.19740214042338555,220
EXC,2022-06-16,Utilities,+75 bp,hike,0.0015398779817015055,0.4776640556747109,-0.3210357906576707,0.17684092180105643,0.19343472271703643,220
EXC,2022-09-22,Utilities,+75 bp,hike,0.0012021051845881258,0.5332476547618596,-0.4561619463749055,0.2223312724347688,0.25495536971797683,220
EXC,2023-03-23,Utilities,+25 bp,hike,8.209347436925063e-05,0.7620093273676453,-0.479794067939885,0.26187739133535154,0.38184791422998365,220
EXC,2024-09-19,Utilities,-50 bp,cut,-0.0006624816228405503,0.34196963485537224,-0.005692930986900435,0.6540085830340564,0.12340529646119536,220
EXC,2024-12-19,Utilities,-25 bp,cut,0.00047431645827863695,0.18876577562579008,0.05168093559239745,0.5731489102959582,0.12704657610235126,220
EXC,2025-09-18,Utilities,-25 bp,cut,0.00027461512535443666,0.20244237748812924,-0.519414827541851,0.579356295981108,0.17346619544339825,220
EXC,2025-10-30,Utilities,-25 bp,cut,0.00018075024983241425,0.19266186812748026,-0.45081907014000766,0.5651456133922812,0.16583130072839714,220
EXC,2025-12-11,Utilities,-25 bp,cut,0.0007941528355709527,0.19722306916943605,-0.4225608625664148,0.6239802680691383,0.16701570397928478,220
AAPL,2022-03-17,Tech,+25 bp,hike,0.0010663847444843375,1.2500409717110732,-0.3881211602140945,-0.3087842227963442,0.5871127611822771,220
AAPL,2022-06-16,Tech,+75 bp,hike,0.0012161055364755262,1.1034861485231058,-0.39083609200108804,-0.25551975269938554,0.6603498071511769,220
AAPL,2022-09-22,Tech,+75 bp,hike,0.0013482933334766026,1.1138865675248302,-0.3742229918312569,-0.27483804190241884,0.7535813760394932,220
AAPL,2023-03-23,Tech,+25 bp,hike,0.0002655096684210965,1.212559371753895,-0.5789325537797863,-0.3922389220795186,0.7879740645394464,220
AAPL,2024-09-19,Tech,-50 bp,cut,0.00013664317010459272,0.9256867360142748,-0.02646726377850193,-0.4338224755452803,0.33869799059321415,220
AAPL,2024-12-19,Tech,-25 bp,cut,-0.00024439115475931045,0.8649837274571844,0.05221812964217504,-0.39595886037272154,0.31721683701538594,220
AAPL,2025-09-18,Tech,-25 bp,cut,-0.0010799852243966281,1.3197217389554359,-0.44474599236801393,0.02303836111709504,0.6065994492002886,220
AAPL,2025-10-30,Tech,-25 bp,cut,-0.0006993267607962676,1.3167402152654917,-0.4351483359582168,0.02371143338295877,0.5729491668233967,220
AAPL,2025-12-11,Tech,-25 bp,cut,-0.0005030116683116064,1.388390516615809,-0.3683785814671616,0.1760379386856921,0.5901107144877287,220
MSFT,2022-03-17,Tech,+25 bp,hike,0.0007199157411706932,1.1362727957110497,-0.5074219241017396,-0.4208605108033158,0.6822405106155713,220
MSFT,2022-06-16,Tech,+75 bp,hike,0.0008597653377512531,1.0729281466967264,-0.5816994512361485,-0.49833774212053084,0.7556939915761803,220
MSFT,2022-09-22,Tech,+75 bp,hike,0.0006992249182659069,1.0380946889028846,-0.6759216082044045,-0.5177570132716418,0.7937921609797592,220
MSFT,2023-03-23,Tech,+25 bp,hike,0.0002882007157000345,1.1598045012195048,-0.8661381364230812,-0.5776441328552974,0.7919952670304882,220
MSFT,2024-09-19,Tech,-50 bp,cut,0.00017832528987174012,1.1054285142281577,-0.3705566838780242,-0.4644797502154613,0.5886702825055249,220
MSFT,2024-12-19,Tech,-25 bp,cut,-0.0007352903376083845,1.1372782911314159,-0.2945325130433002,-0.3731563330304367,0.6266490241466649,220
MSFT,2025-09-18,Tech,-25 bp,cut,0.00028018301404300746,0.859025748039556,-0.18089679397063832,-0.4912260888897413,0.5912820966381556,220
MSFT,2025-10-30,Tech,-25 bp,cut,0.00021325824068433834,0.8738966208304673,-0.2537633281246453,-0.48051818480113817,0.5867118979937829,220
MSFT,2025-12-11,Tech,-25 bp,cut,0.0003016321947434232,0.8362125283718604,-0.2734270055669269,-0.5113863801842086,0.5987492906767642,220
GOOGL,2022-03-17,Tech,+25 bp,hike,0.0006613775534641146,1.223798465338098,-0.4089570614573752,-0.23756455911525554,0.5940834304284363,220
GOOGL,2022-06-16,Tech,+75 bp,hike,0.00020885118077120142,1.1765250073912328,-0.5197606983695651,-0.32620824093006007,0.6626293052497796,220
GOOGL,2022-09-22,Tech,+75 bp,hike,6.819341651680788e-05,1.1533658261866957,-0.5665032255370551,-0.40378456429832554,0.7097467099267745,220
GOOGL,2023-03-23,Tech,+25 bp,hike,-0.00039059726186065226,1.1835598580617068,-0.4870296814564553,-0.5671636323197402,0.7178152877930248,220
GOOGL,2024-09-19,Tech,-50 bp,cut,-8.485109620751124e-05,1.2915154046355908,-0.31105184244987905,-0.551454006529105,0.3894806059876472,220
GOOGL,2024-12-19,Tech,-25 bp,cut,-0.000181692916885769,1.1164278546773438,-0.18515575526916708,-0.3677509911998175,0.34316294349648147,220
GOOGL,2025-09-18,Tech,-25 bp,cut,0.0004748816040803539,0.870956051864999,0.1091552968419123,-0.5087155202642978,0.44079256369885855,220
GOOGL,2025-10-30,Tech,-25 bp,cut,0.001339855264681708,0.9130816031184913,0.020429282215800842,-0.51998184737567,0.41277371082642045,220
GOOGL,2025-12-11,Tech,-25 bp,cut,0.0012314471397507896,0.913948096916624,0.020013133410081263,-0.5883456125180256,0.45238177171758287,220
AMZN,2022-03-17,Tech,+25 bp,hike,-0.00043998427056979165,1.0781526617151045,-0.30032699735716084,-0.4617908246639477,0.493250262681142,220
AMZN,2022-06-16,Tech,+75 bp,hike,-0.0009217246592894749,1.3679437875855585,-0.48422433007127536,-0.4389736531785545,0.5309848635006617,220
AMZN,2022-09-22,Tech,+75 bp,hike,0.00034932069482046307,1.423109661646742,-0.41282832857084684,-0.47578236933082674,0.6382814081606916,220
AMZN,2023-03-23,Tech,+25 bp,hike,-0.0011126503470722782,1.4048886634477882,-0.40418715858727794,-0.7949381149437117,0.706506870463959,220
AMZN,2024-09-19,Tech,-50 bp,cut,-0.0001745982209140029,1.5207025230567388,-0.2251636544051709,-0.5205363464743169,0.5124545163028681,220
AMZN,2024-12-19,Tech,-25 bp,cut,-0.00012593408887027365,1.396569953401578,-0.13859438972482388,-0.4954736712093188,0.5167021603890216,220
AMZN,2025-09-18,Tech,-25 bp,cut,1.4840722749020097e-05,1.235879397275899,0.0689516023924113,-0.3853564917284591,0.6386896130088217,220
AMZN,2025-10-30,Tech,-25 bp,cut,0.00027147174186857234,1.252828977404232,0.0645675292376151,-0.36336432826869075,0.6192354311240402,220
AMZN,2025-12-11,Tech,-25 bp,cut,-0.000517544111019232,1.2481404537729235,0.08976935179834294,-0.3013883290585248,0.6406949407705529,220
NVDA,2022-03-17,Tech,+25 bp,hike,0.0028692056399830354,1.941485266726222,-0.15678894647661307,-0.9003891085505409,0.5521664069640446,220
NVDA,2022-06-16,Tech,+75 bp,hike,0.002028090899604688,1.9403143533563283,-0.06260142703405071,-0.9040216057731448,0.6582929234422475,220
NVDA,2022-09-22,Tech,+75 bp,hike,0.0009305692414876836,1.9089663510283854,-0.03262761943699099,-0.7217439349173689,0.7124374374095692,220
NVDA,2023-03-23,Tech,+25 bp,hike,0.0005529313329878518,1.8361773127817589,0.31459823143408694,-0.6155222406827997,0.7424143022896788,220
NVDA,2024-09-19,Tech,-50 bp,cut,0.002934608530006492,2.3814508775734966,-0.7498762073934384,-1.537916709738163,0.5310946285052716,220
NVDA,2024-12-19,Tech,-25 bp,cut,0.0024453762838904432,2.577762396879656,-0.8151401651658325,-1.6637536657741117,0.5840175166331609,220
NVDA,2025-09-18,Tech,-25 bp,cut,0.001217881032257629,1.6111616100055235,-0.27652009729036253,-1.4837317383575273,0.6470735916083181,220
NVDA,2025-10-30,Tech,-25 bp,cut,0.0003026252089159678,1.6345072023163671,-0.34014381775693003,-1.40429838402351,0.6494981335030099,220
NVDA,2025-12-11,Tech,-25 bp,cut,0.0012410969288466267,1.5350107091014271,-0.24864891157153796,-1.705539387191251,0.6723465459746285,220
META,2022-03-17,Tech,+25 bp,hike,8.000757743480353e-06,1.3056783724453243,-0.1617112803010205,-0.32077530028948564,0.4379445052739006,220
META,2022-06-16,Tech,+75 bp,hike,-0.0009174037825184395,1.6156415168985025,-0.23128326683911066,-0.4892928643773816,0.4463943476287653,220
META,2022-09-22,Tech,+75 bp,hike,-0.001576131221357525,1.5199004590830185,0.06380041724402312,-0.45383928053846956,0.5129068259968205,220
META,2023-03-23,Tech,+25 bp,hike,0.0007261982643417121,1.2903117874562744,0.22059541224510182,-0.8685543622725551,0.451266786973322,220
META,2024-09-19,Tech,-50 bp,cut,0.0012647807400796112,1.6420098074401634,-0.607514944129151,-0.6581143211599465,0.36067162886514237,220
META,2024-12-19,Tech,-25 bp,cut,0.0006490920712777415,1.6504276255915133,-0.6954874197515997,-0.48083144081749996,0.35945770286401246,220
META,2025-09-18,Tech,-25 bp,cut,0.0009223446709284711,1.2625974065637995,-0.16413532593276242,-0.737261378897568,0.6006433452618957,220
META,2025-10-30,Tech,-25 bp,cut,0.0006275268747393982,1.270406842503543,-0.16872115437111354,-0.7292613464486041,0.5999088576432486,220
META,2025-12-11,Tech,-25 bp,cut,0.00024374164057007133,1.2841138017723566,-0.10164245896791847,-0.5551960387744583,0.5846356760534844,220
HD,2022-03-17,Consumer Disc.,+25 bp,hike,0.0004932403935008569,0.8995472478752083,-0.21251943417184962,0.13247638836339096,0.30974622313486566,220
HD,2022-06-16,Consumer Disc.,+75 bp,hike,0.00021229131414669887,0.8472628664944741,-0.07860765029262382,0.03489515766279475,0.3349084567628877,220
HD,2022-09-22,Consumer Disc.,+75 bp,hike,0.00015027410477998562,0.7450523162915961,0.04184254140901075,-0.06670069884396888,0.3930952593311001,220
HD,2023-03-23,Consumer Disc.,+25 bp,hike,0.0005081937909142205,0.8605443380165474,0.14436833412152622,-0.13281178697980048,0.5989393346038037,220
HD,2024-09-19,Consumer Disc.,-50 bp,cut,1.1887683999972469e-05,0.8853031644553485,0.346541029948779,0.374613051921411,0.4713227782978703,220
HD,2024-12-19,Consumer Disc.,-25 bp,cut,0.00015177793310821978,0.7704820610839147,0.3305672175508014,0.31434121456961905,0.36202007015313864,220
HD,2025-09-18,Consumer Disc.,-25 bp,cut,-0.00013304108235682685,0.5852943377974997,0.32892692555402225,0.15377191406008692,0.33693640141902004,220
HD,2025-10-30,Consumer Disc.,-25 bp,cut,2.3462410126903223e-05,0.5862536039273072,0.46217590632719113,0.21763468205051378,0.3595270489436381,220
HD,2025-12-11,Consumer Disc.,-25 bp,cut,-0.0005945569310944723,0.6687876796857142,0.5043720589997104,0.5592317594942906,0.4544959402101929,220
NKE,2022-03-17,Consumer Disc.,+25 bp,hike,5.205436867405954e-06,0.8984664456450273,-0.014061682591316987,0.032975067668069055,0.18864731259182244,220
NKE,2022-06-16,Consumer Disc.,+75 bp,hike,0.00017333617928994992,1.0426788626667605,-0.033095492982855135,-0.05833045935093249,0.33325530627531996,220
NKE,2022-09-22,Consumer Disc.,+75 bp,hike,-0.0008740017474443762,1.120559732951765,0.21630385406459807,-0.06528750516117438,0.5730024808413317,220
NKE,2023-03-23,Consumer Disc.,+25 bp,hike,0.0003356198846509807,1.2381692204335084,0.14252468349804678,-0.11362166809001192,0.59528920645488,220
NKE,2024-09-19,Consumer Disc.,-50 bp,cut,-0.0015122632129933112,0.7294035173793461,0.14224581955893287,-0.02205237543329311,0.08469939053952247,220
NKE,2024-12-19,Consumer Disc.,-25 bp,cut,-0.002407291547855142,0.6629125766107291,0.17387993218290348,-0.1103314459108734,0.07719897793153252,220
NKE,2025-09-18,Consumer Disc.,-25 bp,cut,-0.0003178219411706535,0.869757106821579,0.6022909494747312,0.23687460574607136,0.2364559065829649,220
NKE,2025-10-30,Consumer Disc.,-25 bp,cut,-0.0005099888585936032,0.891051482306238,0.6570379367051897,0.27206313515496594,0.2696374904657717,220
NKE,2025-12-11,Consumer Disc.,-25 bp,cut,-0.0006095179369079795,1.0256543550928046,0.7869541008074632,0.5517410259141186,0.32402817193520705,220
SBUX,2022-03-17,Consumer Disc.,+25 bp,hike,-0.0008443666317759823,0.9169946155714193,-0.09354712619171235,0.11688415472152197,0.31176538600459747,220
SBUX,2022-06-16,Consumer Disc.,+75 bp,hike,-0.0014147560111322467,0.9757129810300842,0.08836330250163113,-0.004980735394285722,0.43240700155471457,220
SBUX,2022-09-22,Consumer Disc.,+75 bp,hike,-0.000592667903328811,1.0653818457582878,0.30907458493652307,0.012297763419433122,0.552934744994756,220
SBUX,2023-03-23,Consumer Disc.,+25 bp,hike,0.0014621626499410005,0.935212137605196,0.04887856709553227,-0.15556730839552788,0.5264964985222699,220
SBUX,2024-09-19,Consumer Disc.,-50 bp,cut,-0.0016097890583241822,0.7899980491038928,-0.20082897570454383,0.3783546499184291,0.10662150346812826,220
SBUX,2024-12-19,Consumer Disc.,-25 bp,cut,-0.0003466229369312835,0.7725852084400322,-0.021608999477994204,0.0014555664447496175,0.06437284914197539,220
SBUX,2025-09-18,Consumer Disc.,-25 bp,cut,-0.0006342412716882183,1.1116687301285468,0.06514363689476019,0.5829280442349752,0.42086767509805556,220
SBUX,2025-10-30,Consumer Disc.,-25 bp,cut,-0.0012148627978029144,1.0998590403031967,0.07937234485515596,0.5453602045360062,0.39922106929092305,220
SBUX,2025-12-11,Consumer Disc.,-25 bp,cut,-0.001116449673365568,1.1469897517229177,0.08986956401012412,0.6503368178212825,0.4047865788382774,220
CAT,2022-03-17,Industrials,+25 bp,hike,-0.0011659315944943906,0.8731837774159392,0.15436964774838244,0.8372594003582681,0.5049132005182599,220
CAT,2022-06-16,Industrials,+75 bp,hike,-0.0003602138844898199,0.8831145221697791,0.4088612580036103,0.8618875211834283,0.4400785898819165,220
CAT,2022-09-22,Industrials,+75 bp,hike,-0.00046024372854544136,1.0524635013104269,0.440122229737106,1.0074956225037952,0.5025589871195402,220
CAT,2023-03-23,Industrials,+25 bp,hike,0.0007022189913270141,1.166776350582095,0.449609625568575,1.1164931272701657,0.584327738234214,220
CAT,2024-09-19,Industrials,-50 bp,cut,-9.780232089023639e-05,1.2177633218195194,0.19290054914115207,0.5969120010711754,0.4452390516026553,220
CAT,2024-12-19,Industrials,-25 bp,cut,0.0004832926558871424,1.2332843183131041,0.24299629391953653,0.5114113396834855,0.4553238396748429,220
CAT,2025-09-18,Industrials,-25 bp,cut,0.0006959165953093678,1.1747453349484827,0.510421099569143,0.6086320924609472,0.6577271004013727,220
CAT,2025-10-30,Industrials,-25 bp,cut,0.00012790132595655575,1.1761636633575048,0.4706908565566397,0.6032329003964659,0.6643137623978616,220
CAT,2025-12-11,Industrials,-25 bp,cut,0.0010600386398694863,1.0805925059011539,0.5745034302324331,0.334933471596623,0.6347185517658284,220
DE,2022-03-17,Industrials,+25 bp,hike,-0.000589436401612137,0.9138221947840546,0.2115689440542654,0.7269038803109561,0.3980026140477012,220
DE,2022-06-16,Industrials,+75 bp,hike,0.00030315433626364554,0.9574096510646318,0.2328577414508079,0.7709223363509244,0.33569285383931613,220
DE,2022-09-22,Industrials,+75 bp,hike,-0.0001540407615406342,1.106844544276877,0.3884109894868286,0.8958259987030877,0.3687080109841021,220
DE,2023-03-23,Industrials,+25 bp,hike,-5.425009523482528e-05,1.028975954752427,0.32584294542047315,0.9103782072836086,0.41756703735509004,220
DE,2024-09-19,Industrials,-50 bp,cut,-0.0012573547656587207,0.7593216911477998,0.23068945903310772,0.6760405177360305,0.342321186937366,220
DE,2024-12-19,Industrials,-25 bp,cut,-0.00017468453754969772,0.6559735014549999,0.3086248233556616,0.5588255162660788,0.27076569570748177,220
DE,2025-09-18,Industrials,-25 bp,cut,0.0008782915846575735,0.8499251464108533,0.2228643357744322,0.4539832696009636,0.3549589852544246,220
DE,2025-10-30,Industrials,-25 bp,cut,0.0002802215344767548,0.8071290133043652,0.3306041558447978,0.33176137131618316,0.3277271901432627,220
DE,2025-12-11,Industrials,-25 bp,cut,-7.131705228628661e-05,0.8143556511061814,0.27489639974148233,0.3032466139855347,0.352851693665852,220
XOM,2022-03-17,Energy,+25 bp,hike,0.0007851227322614804,1.0076342318331841,0.09263056029501773,0.9826442596896187,0.52633971579559,220
XOM,2022-06-16,Energy,+75 bp,hike,0.0010869903510137308,0.7333964744930146,0.4045183884681604,1.086998607221934,0.4206429967026014,220
XOM,2022-09-22,Energy,+75 bp,hike,0.001715194937580039,0.9234257267577262,0.31274072476109926,1.2007051551206644,0.4399804784034671,220
XOM,2023-03-23,Energy,+25 bp,hike,0.0016677212758509925,1.1251427457535241,0.23090047335684574,1.3313330833925887,0.5415014599412764,220
XOM,2024-09-19,Energy,-50 bp,cut,-0.0004409562675476084,0.29448277429071307,-0.138011726064626,0.8540311372678973,0.1930862067910748,220
XOM,2024-12-19,Energy,-25 bp,cut,0.0005598866018924649,0.41449719152794884,-0.15288686522994013,0.806523351804826,0.1782517949638739,220
XOM,2025-09-18,Energy,-25 bp,cut,-0.0005838114857288628,0.7097862572648543,-0.2448776962534056,0.7138049537456913,0.3096292867508077,220
XOM,2025-10-30,Energy,-25 bp,cut,-0.0004974968130014095,0.6998526225021862,-0.16991273061787665,0.7192191064194646,0.32306088535109334,220
XOM,2025-12-11,Energy,-25 bp,cut,-0.0003827289579790467,0.7544466841012505,-0.16492018611784748,0.9083558484678191,0.3686504824815239,220
CVX,2022-03-17,Energy,+25 bp,hike,0.0003962721530860405,0.8393571997647542,-0.012342262130610238,0.8382251807463749,0.5243534428925167,220
CVX,2022-06-16,Energy,+75 bp,hike,0.0015613883466309264,0.6658795680607007,0.3553805725830206,0.9011839460436429,0.4099543158808938,220
CVX,2022-09-22,Energy,+75 bp,hike,0.0016874866572637712,0.8717015827137509,0.218571412258337,1.0231046229969252,0.43171998132376066,220
CVX,2023-03-23,Energy,+25 bp,hike,0.0004080263005503202,1.112693180202538,0.19810905084107466,1.2536001018948884,0.5523434530957263,220
CVX,2024-09-19,Energy,-50 bp,cut,-0.001214560528713719,0.5541313230745992,-0.21385889972243133,0.9824936173236888,0.2657038469906552,220
CVX,2024-12-19,Energy,-25 bp,cut,-0.00025492278327285314,0.6328593035735341,-0.179905509337985,0.742269022696808,0.21994633264339747,220
CVX,2025-09-18,Energy,-25 bp,cut,-5.197598354340178e-05,0.8642465227041735,-0.3092045918393307,0.7570274416941689,0.3981677287966152,220
CVX,2025-10-30,Energy,-25 bp,cut,-0.00012407280729410616,0.8539607358059976,-0.22541678597423215,0.740912855509146,0.4001242181391975,220
CVX,2025-12-11,Energy,-25 bp,cut,-0.0005875905978990039,0.8845557895051608,-0.1672615347043297,0.8776122349311584,0.4306203640428953,220
